_id,name,avatar,email,gender
ccf6db63-8116-4dba-813e-8f7035ae0e5a,Angelo Freckleton,https://robohash.org/etreprehenderitaccusamus.png?size=50x50&set=set1,afreckleton0@webs.com,Male
cfb398c6-1baa-4b5f-a5ca-8201543768be,Veronike Cofax,https://robohash.org/laboreeosut.png?size=50x50&set=set1,vcofax1@pagesperso-orange.fr,Female
47bfb76d-979c-4b14-9e15-0507ed87b8fc,Butch Trevon,https://robohash.org/necessitatibussequiomnis.png?size=50x50&set=set1,btrevon2@imageshack.us,Male
8eb674d0-822b-4cbe-a0a8-acaf34a308fb,Rosita McTague,https://robohash.org/molestiasutest.png?size=50x50&set=set1,rmctague3@reuters.com,Female
cb9b7392-8bdf-4ff4-9141-06a9693ca196,Helene Papaminas,https://robohash.org/odionostrumconsequuntur.png?size=50x50&set=set1,hpapaminas4@4shared.com,Non-binary
dda90401-d912-4e79-91f2-3477cb28188f,Burch Ruslen,https://robohash.org/seddoloresculpa.png?size=50x50&set=set1,bruslen5@walmart.com,Male
3f629da4-5d78-4384-bf18-731ca1b29bb2,Leonidas Mayho,https://robohash.org/eumblanditiisnon.png?size=50x50&set=set1,lmayho6@newyorker.com,Male
1413751f-b0c2-4916-a826-e7e7c286e795,Buckie Goulborn,https://robohash.org/estsedaccusantium.png?size=50x50&set=set1,bgoulborn7@nifty.com,Male
f0c812d9-dac0-478a-bf80-86467073b4e1,Daisy Larwell,https://robohash.org/laboredoloremet.png?size=50x50&set=set1,dlarwell8@skyrock.com,Female
dd7ae99d-7617-4e75-9a06-2b7dc9a70a4d,Maurice Bliven,https://robohash.org/inciduntetaut.png?size=50x50&set=set1,mbliven9@goo.gl,Non-binary
048ecf73-a260-4396-9f77-4a5f9f89de01,Patrice Flaverty,https://robohash.org/nonreiciendisa.png?size=50x50&set=set1,pflavertya@github.io,Female
e6761e7f-8df4-49ca-bcc9-b72573396a41,Aurelia Durward,https://robohash.org/velitiustoharum.png?size=50x50&set=set1,adurwardb@yelp.com,Genderfluid
6a55aabc-4216-49d5-85be-3e00bcd20e51,Petronilla Latour,https://robohash.org/magnietrerum.png?size=50x50&set=set1,platourc@meetup.com,Female
3948a8b5-54dd-4bf2-9133-3824fcdf7d12,Blake Wyllie,https://robohash.org/illosintrecusandae.png?size=50x50&set=set1,bwyllied@ftc.gov,Agender
b7e2982a-d260-411f-9c02-5efb3c8053dc,Fanechka Kezar,https://robohash.org/undeminuseius.png?size=50x50&set=set1,fkezare@dailymail.co.uk,Female
9dfd3937-f149-4df8-84d7-071de2f1d4ea,Kala Rembaud,https://robohash.org/providentsaepecorrupti.png?size=50x50&set=set1,krembaudf@tuttocitta.it,Female
c179b2cd-efa6-48ea-bbf1-1c5c9df6e63a,Nannette Mullins,https://robohash.org/omnisnecessitatibusexcepturi.png?size=50x50&set=set1,nmullinsg@virginia.edu,Genderqueer
ba8959ed-082c-4987-b8e1-5c1e446a368d,Lester Eliesco,https://robohash.org/corporisautemenim.png?size=50x50&set=set1,leliescoh@google.ca,Male
a79a1adc-c410-4939-a8af-445b3f55e4e3,Vernen Hotson,https://robohash.org/laudantiumetratione.png?size=50x50&set=set1,vhotsoni@infoseek.co.jp,Male
6a382e28-975b-4235-a1dc-7a80eb9c032f,Charmian Putten,https://robohash.org/esseetdolores.png?size=50x50&set=set1,cputtenj@unc.edu,Female
03a7069c-2460-4ddb-80c7-29bc62d1607a,Cly Vaughn,https://robohash.org/omnisutvero.png?size=50x50&set=set1,cvaughnk@google.it,Male
673c65e9-b4e2-4494-9e28-8383c96c1e63,Welby Trundell,https://robohash.org/ducimusveltempora.png?size=50x50&set=set1,wtrundelll@dailymotion.com,Male
663d44e3-30db-4a87-b8b1-84e7a5666aef,Gipsy Kibbye,https://robohash.org/sitomnisdolorem.png?size=50x50&set=set1,gkibbyem@theglobeandmail.com,Female
06e6c52e-ce88-4940-a9f3-4a6f77722bf1,Ripley Tolumello,https://robohash.org/quiinciduntiure.png?size=50x50&set=set1,rtolumellon@opera.com,Male
e1340334-d894-4fa5-b407-9dadcc86fe8c,Saxon Heckner,https://robohash.org/autemdelenitiqui.png?size=50x50&set=set1,shecknero@army.mil,Male
5b8b07f8-fa72-47e6-b171-46a6fadfb5e8,Christoper Oliva,https://robohash.org/nullabeataedolores.png?size=50x50&set=set1,colivap@sun.com,Male
8d1e75d5-a19c-464e-9a02-8a6f7550b039,Kinny Boniface,https://robohash.org/consequaturvoluptatemeum.png?size=50x50&set=set1,kbonifaceq@answers.com,Male
319d4434-a920-4ff2-9a48-f77cd9e5c95c,Carmelina Bowhay,https://robohash.org/velitsequiullam.png?size=50x50&set=set1,cbowhayr@ihg.com,Female
ca24435d-dd9c-40a3-97a4-e074efdeec1d,Lindsay Lenthall,https://robohash.org/quaeerrorsuscipit.png?size=50x50&set=set1,llenthalls@dyndns.org,Agender
7a415cc1-92e8-4a4c-83d4-039b7c2ebd05,Gardy De Caroli,https://robohash.org/autetanimi.png?size=50x50&set=set1,gdet@163.com,Male
d5e4558e-e417-4aa1-a987-86510b97791d,Shurlocke Broadey,https://robohash.org/cupiditateanimifacilis.png?size=50x50&set=set1,sbroadeyu@google.it,Male
ff5681a0-722a-436d-a17a-f6fb07acab00,Kellina Harbottle,https://robohash.org/afugitquod.png?size=50x50&set=set1,kharbottlev@webmd.com,Female
014296e9-15f6-496d-9329-5ee6a65afcf6,Eartha Pellant,https://robohash.org/facereperferendisvoluptate.png?size=50x50&set=set1,epellantw@google.com.hk,Female
b6a3527f-5249-47df-8df2-5e69352935b2,Dimitri Giacopello,https://robohash.org/eaquasoptio.png?size=50x50&set=set1,dgiacopellox@google.co.jp,Male
41c96888-216c-4c4b-8bf1-d8e0874fd14b,Annalee Benstead,https://robohash.org/estsedperferendis.png?size=50x50&set=set1,abensteady@geocities.com,Female
7a1da118-f4de-48e6-862c-cca5eceac259,Stephanie Mustin,https://robohash.org/nobisenimvitae.png?size=50x50&set=set1,smustinz@craigslist.org,Polygender
ea3ff0dd-0e67-4ff2-a764-3b8665864811,Jessie Chesterman,https://robohash.org/architectoaliquamsed.png?size=50x50&set=set1,jchesterman10@free.fr,Male
99fbb6dd-a983-41ce-b331-11553c03f75d,Isac Lidgey,https://robohash.org/consequunturtemporevelit.png?size=50x50&set=set1,ilidgey11@china.com.cn,Male
be45680c-f833-4c3b-baf6-6f898fdf0098,Any Falck,https://robohash.org/idrationeconsequuntur.png?size=50x50&set=set1,afalck12@fastcompany.com,Genderfluid
bfbd8d98-bdef-4d27-8db9-abe7f35c8e46,Sheena Claydon,https://robohash.org/excepturilaboreanimi.png?size=50x50&set=set1,sclaydon13@ted.com,Female
979e1a48-a800-44be-aea4-316845203c5b,Loreen Sirl,https://robohash.org/omnissintullam.png?size=50x50&set=set1,lsirl14@istockphoto.com,Female
ef1a1b50-fc0b-456f-86b0-d065ce15c304,Rowen Bon,https://robohash.org/ametdistinctiodicta.png?size=50x50&set=set1,rbon15@edublogs.org,Male
45d5964b-4956-4424-b46e-8cb9cf022add,Selby Wimlett,https://robohash.org/doloresintqui.png?size=50x50&set=set1,swimlett16@blogspot.com,Genderfluid
a477da2c-5aab-4b03-a404-65ec8fb804e3,May Wharfe,https://robohash.org/occaecatisitut.png?size=50x50&set=set1,mwharfe17@photobucket.com,Polygender
43134c04-7ff1-41d7-aea7-a84f4c1a2dee,Waldon O'Lehane,https://robohash.org/sedundeat.png?size=50x50&set=set1,wolehane18@vistaprint.com,Agender
ec907d85-b627-451f-9211-504761253e7f,Tann Edgehill,https://robohash.org/autautet.png?size=50x50&set=set1,tedgehill19@theatlantic.com,Male
e7dc65ee-f6b0-4978-b67f-5b98188ec745,Carney Farlambe,https://robohash.org/sitquiaquibusdam.png?size=50x50&set=set1,cfarlambe1a@google.es,Male
d7d919dd-e120-4f33-aa87-ca34f53a53ba,Jocelyne Guppie,https://robohash.org/estutsapiente.png?size=50x50&set=set1,jguppie1b@elpais.com,Female
434ca0f4-0ce7-4b8d-a2e2-95d8eb69f955,Arri Bowick,https://robohash.org/auteumipsam.png?size=50x50&set=set1,abowick1c@gravatar.com,Male
db491309-8572-44af-91eb-f465296453f3,Gerianna Leason,https://robohash.org/evenietconsequaturut.png?size=50x50&set=set1,gleason1d@bing.com,Female
